year,avg_rate
1996,0.5
1997,0.5
1998,0.5
1999,0.5
2000,0.5
2001,0.22916666666666666
2002,0.1
2003,0.1
2004,0.1
2005,0.1
2006,0.25
2007,0.7208333333333333
2008,0.6708333333333333
2009,0.3
2010,0.3
2011,0.3
2012,0.3
2013,0.3
2014,0.3
2015,0.3
2016,0.3
2017,0.3
2018,0.3
2019,0.3
2020,0.3
2021,0.3
2022,0.3
2023,0.3
